,,mismatches,identities,query_length,number_of_gaps,number_of_Ns,alignment_length,got,db,alignment_path
Arya-MN090240_cl0_it2.consensus_ivar,MN090240.1,1,9013,9015,0,1,9015,Arya,MN090240,./data/hybrid-vs-skiphybrid/hybrid-vs-ref//Arya.MN090240_cl0_it2.consensus_ivar.vs.MN090240.1.aln
Arya-MN090240_cl0_it2.consensus_ivar,MN090277.1,280,8731,9235,220,1,9235,Arya,MN090240,./data/hybrid-vs-skiphybrid/hybrid-vs-ref//Arya.MN090240_cl0_it2.consensus_ivar.vs.MN090277.1.aln
Arya-MN090277-MN090240_cl0_it2.consensus_ivar,MN090240.1,0,9015,9225,0,1,9225,Arya,MN090277-MN090240,./data/hybrid-vs-skiphybrid/hybrid-vs-ref//Arya.MN090277.MN090240_cl0_it2.consensus_ivar.vs.MN090240.1.aln
Arya-MN090277-MN090240_cl0_it2.consensus_ivar,MN090277.1,281,8940,9235,10,1,9235,Arya,MN090277-MN090240,./data/hybrid-vs-skiphybrid/hybrid-vs-ref//Arya.MN090277.MN090240_cl0_it2.consensus_ivar.vs.MN090277.1.aln
Arya-MN090277_cl0_it2.consensus_ivar,MN090240.1,0,9015,9225,0,1,9225,Arya,MN090277,./data/hybrid-vs-skiphybrid/hybrid-vs-ref//Arya.MN090277_cl0_it2.consensus_ivar.vs.MN090240.1.aln
Arya-MN090277_cl0_it2.consensus_ivar,MN090277.1,281,8940,9235,10,1,9235,Arya,MN090277,./data/hybrid-vs-skiphybrid/hybrid-vs-ref//Arya.MN090277_cl0_it2.consensus_ivar.vs.MN090277.1.aln
Arya-reference_cl0_it2.consensus_ivar,MN090240.1,1678,7242,12500,91,22,12500,Arya,reference,./data/hybrid-vs-skiphybrid/hybrid-vs-ref//Arya.reference_cl0_it2.consensus_ivar.vs.MN090240.1.aln
Arya-reference_cl0_it2.consensus_ivar,MN090277.1,1783,7264,12590,181,22,12590,Arya,reference,./data/hybrid-vs-skiphybrid/hybrid-vs-ref//Arya.reference_cl0_it2.consensus_ivar.vs.MN090277.1.aln
Arya-reference_cl1_it2.consensus_ivar,MN090240.1,1,9014,9464,0,339,9464,Arya,reference,./data/hybrid-vs-skiphybrid/hybrid-vs-ref//Arya.reference_cl1_it2.consensus_ivar.vs.MN090240.1.aln
Arya-reference_cl1_it2.consensus_ivar,MN090277.1,280,8778,9474,10,339,9474,Arya,reference,./data/hybrid-vs-skiphybrid/hybrid-vs-ref//Arya.reference_cl1_it2.consensus_ivar.vs.MN090277.1.aln
Arya-virosaurus_cl0_it2.consensus_ivar,MN090240.1,17,8955,9672,43,239,9672,Arya,virosaurus,./data/hybrid-vs-skiphybrid/hybrid-vs-ref//Arya.virosaurus_cl0_it2.consensus_ivar.vs.MN090240.1.aln
Arya-virosaurus_cl0_it2.consensus_ivar,MN090277.1,332,8747,9719,90,239,9719,Arya,virosaurus,./data/hybrid-vs-skiphybrid/hybrid-vs-ref//Arya.virosaurus_cl0_it2.consensus_ivar.vs.MN090277.1.aln
Arya-virosaurus_cl1_it2.consensus_ivar,MN090240.1,1,9014,9288,0,227,9288,Arya,virosaurus,./data/hybrid-vs-skiphybrid/hybrid-vs-ref//Arya.virosaurus_cl1_it2.consensus_ivar.vs.MN090240.1.aln
Arya-virosaurus_cl1_it2.consensus_ivar,MN090277.1,280,8778,9298,10,227,9298,Arya,virosaurus,./data/hybrid-vs-skiphybrid/hybrid-vs-ref//Arya.virosaurus_cl1_it2.consensus_ivar.vs.MN090277.1.aln
Bran-MN090188_cl0_it2.consensus_ivar,MN090277.1,0,9056,9232,176,0,9232,Bran,MN090188,./data/hybrid-vs-skiphybrid/hybrid-vs-ref//Bran.MN090188_cl0_it2.consensus_ivar.vs.MN090277.1.aln
Bran-MN090240_cl0_it2.consensus_ivar,MN090277.1,0,9002,9232,210,20,9232,Bran,MN090240,./data/hybrid-vs-skiphybrid/hybrid-vs-ref//Bran.MN090240_cl0_it2.consensus_ivar.vs.MN090277.1.aln
Bran-MN090277-MN090188_cl0_it2.consensus_ivar,MN090277.1,0,9231,9232,0,1,9232,Bran,MN090277-MN090188,./data/hybrid-vs-skiphybrid/hybrid-vs-ref//Bran.MN090277.MN090188_cl0_it2.consensus_ivar.vs.MN090277.1.aln
Bran-MN090277-MN090240_cl0_it2.consensus_ivar,MN090277.1,0,9231,9232,0,1,9232,Bran,MN090277-MN090240,./data/hybrid-vs-skiphybrid/hybrid-vs-ref//Bran.MN090277.MN090240_cl0_it2.consensus_ivar.vs.MN090277.1.aln
Bran-MN090277-MZ766668_cl0_it2.consensus_ivar,MN090277.1,0,9231,9232,0,1,9232,Bran,MN090277-MZ766668,./data/hybrid-vs-skiphybrid/hybrid-vs-ref//Bran.MN090277.MZ766668_cl0_it2.consensus_ivar.vs.MN090277.1.aln
Bran-MN090277_cl0_it2.consensus_ivar,MN090277.1,0,9231,9232,0,1,9232,Bran,MN090277,./data/hybrid-vs-skiphybrid/hybrid-vs-ref//Bran.MN090277_cl0_it2.consensus_ivar.vs.MN090277.1.aln
Bran-MZ766668_cl0_it2.consensus_ivar,MN090277.1,0,9202,9232,30,0,9232,Bran,MZ766668,./data/hybrid-vs-skiphybrid/hybrid-vs-ref//Bran.MZ766668_cl0_it2.consensus_ivar.vs.MN090277.1.aln
Bran-reference_cl0_it2.consensus_ivar,MN090277.1,0,9068,9249,12,169,9249,Bran,reference,./data/hybrid-vs-skiphybrid/hybrid-vs-ref//Bran.reference_cl0_it2.consensus_ivar.vs.MN090277.1.aln
Bran-virosaurus_cl0_it2.consensus_ivar,MN090277.1,0,9068,9295,0,227,9295,Bran,virosaurus,./data/hybrid-vs-skiphybrid/hybrid-vs-ref//Bran.virosaurus_cl0_it2.consensus_ivar.vs.MN090277.1.aln
Catelyn-MN090188_cl0_it2.consensus_ivar,MN090188.1,8,9045,9059,3,0,9059,Catelyn,MN090188,./data/hybrid-vs-skiphybrid/hybrid-vs-ref//Catelyn.MN090188_cl0_it2.consensus_ivar.vs.MN090188.1.aln
Catelyn-MN090188_cl0_it2.consensus_ivar,MN090277.1,41,9015,9232,176,0,9232,Catelyn,MN090188,./data/hybrid-vs-skiphybrid/hybrid-vs-ref//Catelyn.MN090188_cl0_it2.consensus_ivar.vs.MN090277.1.aln
Catelyn-MN090188_cl1_it2.consensus_ivar,MN090188.1,15,2302,9505,6739,180,9505,Catelyn,MN090188,./data/hybrid-vs-skiphybrid/hybrid-vs-ref//Catelyn.MN090188_cl1_it2.consensus_ivar.vs.MN090188.1.aln
Catelyn-MN090188_cl1_it2.consensus_ivar,MN090277.1,15,2467,9516,6750,180,9516,Catelyn,MN090188,./data/hybrid-vs-skiphybrid/hybrid-vs-ref//Catelyn.MN090188_cl1_it2.consensus_ivar.vs.MN090277.1.aln
Catelyn-MN090277-MN090188_cl0_it2.consensus_ivar,MN090188.1,8,9048,9235,0,1,9235,Catelyn,MN090277-MN090188,./data/hybrid-vs-skiphybrid/hybrid-vs-ref//Catelyn.MN090277.MN090188_cl0_it2.consensus_ivar.vs.MN090188.1.aln
Catelyn-MN090277-MN090188_cl0_it2.consensus_ivar,MN090277.1,41,9190,9235,0,1,9235,Catelyn,MN090277-MN090188,./data/hybrid-vs-skiphybrid/hybrid-vs-ref//Catelyn.MN090277.MN090188_cl0_it2.consensus_ivar.vs.MN090277.1.aln
Catelyn-MN090277_cl0_it2.consensus_ivar,MN090188.1,8,9048,9235,0,1,9235,Catelyn,MN090277,./data/hybrid-vs-skiphybrid/hybrid-vs-ref//Catelyn.MN090277_cl0_it2.consensus_ivar.vs.MN090188.1.aln
Catelyn-MN090277_cl0_it2.consensus_ivar,MN090277.1,41,9190,9235,0,1,9235,Catelyn,MN090277,./data/hybrid-vs-skiphybrid/hybrid-vs-ref//Catelyn.MN090277_cl0_it2.consensus_ivar.vs.MN090277.1.aln
Catelyn-reference_cl0_it2.consensus_ivar,MN090188.1,1065,6938,12564,146,954,12564,Catelyn,reference,./data/hybrid-vs-skiphybrid/hybrid-vs-ref//Catelyn.reference_cl0_it2.consensus_ivar.vs.MN090188.1.aln
Catelyn-reference_cl0_it2.consensus_ivar,MN090277.1,1205,7032,12506,88,954,12506,Catelyn,reference,./data/hybrid-vs-skiphybrid/hybrid-vs-ref//Catelyn.reference_cl0_it2.consensus_ivar.vs.MN090277.1.aln
Catelyn-reference_cl1_it2.consensus_ivar,MN090188.1,11,9045,9298,0,227,9298,Catelyn,reference,./data/hybrid-vs-skiphybrid/hybrid-vs-ref//Catelyn.reference_cl1_it2.consensus_ivar.vs.MN090188.1.aln
Catelyn-reference_cl1_it2.consensus_ivar,MN090277.1,38,9030,9298,0,227,9298,Catelyn,reference,./data/hybrid-vs-skiphybrid/hybrid-vs-ref//Catelyn.reference_cl1_it2.consensus_ivar.vs.MN090277.1.aln
Catelyn-virosaurus_cl1_it2.consensus_ivar,MN090188.1,11,8498,9708,275,336,9708,Catelyn,virosaurus,./data/hybrid-vs-skiphybrid/hybrid-vs-ref//Catelyn.virosaurus_cl1_it2.consensus_ivar.vs.MN090188.1.aln
Catelyn-virosaurus_cl1_it2.consensus_ivar,MN090277.1,92,8521,9716,283,336,9716,Catelyn,virosaurus,./data/hybrid-vs-skiphybrid/hybrid-vs-ref//Catelyn.virosaurus_cl1_it2.consensus_ivar.vs.MN090277.1.aln
Catelyn-virosaurus_cl2_it2.consensus_ivar,MN090188.1,11,9045,9298,0,227,9298,Catelyn,virosaurus,./data/hybrid-vs-skiphybrid/hybrid-vs-ref//Catelyn.virosaurus_cl2_it2.consensus_ivar.vs.MN090188.1.aln
Catelyn-virosaurus_cl2_it2.consensus_ivar,MN090277.1,38,9030,9298,0,227,9298,Catelyn,virosaurus,./data/hybrid-vs-skiphybrid/hybrid-vs-ref//Catelyn.virosaurus_cl2_it2.consensus_ivar.vs.MN090277.1.aln
Daenerys-MN090277-MZ766668_cl0_it2.consensus_ivar,MZ766668.1,1371,7568,9304,72,1,9304,Daenerys,MN090277-MZ766668,./data/hybrid-vs-skiphybrid/hybrid-vs-ref//Daenerys.MN090277.MZ766668_cl0_it2.consensus_ivar.vs.MZ766668.1.aln
Daenerys-MN090277-MZ766668_cl0_it2.consensus_ivar,MN090277.1,0,9231,9232,0,1,9232,Daenerys,MN090277-MZ766668,./data/hybrid-vs-skiphybrid/hybrid-vs-ref//Daenerys.MN090277.MZ766668_cl0_it2.consensus_ivar.vs.MN090277.1.aln
Daenerys-MN090277-MZ766668_cl1_it2.consensus_ivar,MZ766668.1,925,8056,9025,30,0,9025,Daenerys,MN090277-MZ766668,./data/hybrid-vs-skiphybrid/hybrid-vs-ref//Daenerys.MN090277.MZ766668_cl1_it2.consensus_ivar.vs.MZ766668.1.aln
Daenerys-MN090277-MZ766668_cl1_it2.consensus_ivar,MN090277.1,424,8510,9293,298,0,9293,Daenerys,MN090277-MZ766668,./data/hybrid-vs-skiphybrid/hybrid-vs-ref//Daenerys.MN090277.MZ766668_cl1_it2.consensus_ivar.vs.MN090277.1.aln
Daenerys-MN090277_cl0_it2.consensus_ivar,MZ766668.1,1371,7568,9304,72,1,9304,Daenerys,MN090277,./data/hybrid-vs-skiphybrid/hybrid-vs-ref//Daenerys.MN090277_cl0_it2.consensus_ivar.vs.MZ766668.1.aln
Daenerys-MN090277_cl0_it2.consensus_ivar,MN090277.1,0,9231,9232,0,1,9232,Daenerys,MN090277,./data/hybrid-vs-skiphybrid/hybrid-vs-ref//Daenerys.MN090277_cl0_it2.consensus_ivar.vs.MN090277.1.aln
Daenerys-MN090277_cl1_it2.consensus_ivar,MZ766668.1,925,8055,9025,31,0,9025,Daenerys,MN090277,./data/hybrid-vs-skiphybrid/hybrid-vs-ref//Daenerys.MN090277_cl1_it2.consensus_ivar.vs.MZ766668.1.aln
Daenerys-MN090277_cl1_it2.consensus_ivar,MN090277.1,424,8509,9293,299,0,9293,Daenerys,MN090277,./data/hybrid-vs-skiphybrid/hybrid-vs-ref//Daenerys.MN090277_cl1_it2.consensus_ivar.vs.MN090277.1.aln
Daenerys-MZ766668_cl0_it2.consensus_ivar,MZ766668.1,1358,7546,9159,107,0,9159,Daenerys,MZ766668,./data/hybrid-vs-skiphybrid/hybrid-vs-ref//Daenerys.MZ766668_cl0_it2.consensus_ivar.vs.MZ766668.1.aln
Daenerys-MZ766668_cl0_it2.consensus_ivar,MN090277.1,0,9052,9232,180,0,9232,Daenerys,MZ766668,./data/hybrid-vs-skiphybrid/hybrid-vs-ref//Daenerys.MZ766668_cl0_it2.consensus_ivar.vs.MN090277.1.aln
Daenerys-MZ766668_cl1_it2.consensus_ivar,MZ766668.1,925,8056,9025,30,0,9025,Daenerys,MZ766668,./data/hybrid-vs-skiphybrid/hybrid-vs-ref//Daenerys.MZ766668_cl1_it2.consensus_ivar.vs.MZ766668.1.aln
Daenerys-MZ766668_cl1_it2.consensus_ivar,MN090277.1,424,8510,9293,298,0,9293,Daenerys,MZ766668,./data/hybrid-vs-skiphybrid/hybrid-vs-ref//Daenerys.MZ766668_cl1_it2.consensus_ivar.vs.MN090277.1.aln
Daenerys-reference_cl1_it2.consensus_ivar,MZ766668.1,925,8056,9546,30,521,9546,Daenerys,reference,./data/hybrid-vs-skiphybrid/hybrid-vs-ref//Daenerys.reference_cl1_it2.consensus_ivar.vs.MZ766668.1.aln
Daenerys-reference_cl1_it2.consensus_ivar,MN090277.1,424,8510,9670,154,521,9670,Daenerys,reference,./data/hybrid-vs-skiphybrid/hybrid-vs-ref//Daenerys.reference_cl1_it2.consensus_ivar.vs.MN090277.1.aln
Daenerys-reference_cl2_it2.consensus_ivar,MZ766668.1,1358,7567,9361,66,222,9361,Daenerys,reference,./data/hybrid-vs-skiphybrid/hybrid-vs-ref//Daenerys.reference_cl2_it2.consensus_ivar.vs.MZ766668.1.aln
Daenerys-reference_cl2_it2.consensus_ivar,MN090277.1,5,9068,9295,0,222,9295,Daenerys,reference,./data/hybrid-vs-skiphybrid/hybrid-vs-ref//Daenerys.reference_cl2_it2.consensus_ivar.vs.MN090277.1.aln
Daenerys-virosaurus_cl18_it2.consensus_ivar,MZ766668.1,1358,7567,9361,66,222,9361,Daenerys,virosaurus,./data/hybrid-vs-skiphybrid/hybrid-vs-ref//Daenerys.virosaurus_cl18_it2.consensus_ivar.vs.MZ766668.1.aln
Daenerys-virosaurus_cl18_it2.consensus_ivar,MN090277.1,5,9068,9295,0,222,9295,Daenerys,virosaurus,./data/hybrid-vs-skiphybrid/hybrid-vs-ref//Daenerys.virosaurus_cl18_it2.consensus_ivar.vs.MN090277.1.aln
Daenerys-virosaurus_cl3_it2.consensus_ivar,MZ766668.1,963,8025,9864,23,598,9864,Daenerys,virosaurus,./data/hybrid-vs-skiphybrid/hybrid-vs-ref//Daenerys.virosaurus_cl3_it2.consensus_ivar.vs.MZ766668.1.aln
Daenerys-virosaurus_cl3_it2.consensus_ivar,MN090277.1,428,8649,9912,71,598,9912,Daenerys,virosaurus,./data/hybrid-vs-skiphybrid/hybrid-vs-ref//Daenerys.virosaurus_cl3_it2.consensus_ivar.vs.MN090277.1.aln
Eddard-MN090188_cl0_it2.consensus_ivar,MN090188.1,49,9004,9059,3,0,9059,Eddard,MN090188,./data/hybrid-vs-skiphybrid/hybrid-vs-ref//Eddard.MN090188_cl0_it2.consensus_ivar.vs.MN090188.1.aln
Eddard-MN090188_cl0_it2.consensus_ivar,MN090277.1,0,9056,9232,176,0,9232,Eddard,MN090188,./data/hybrid-vs-skiphybrid/hybrid-vs-ref//Eddard.MN090188_cl0_it2.consensus_ivar.vs.MN090277.1.aln
Eddard-MN090277-MN090188_cl0_it2.consensus_ivar,MN090188.1,49,9004,9235,3,1,9235,Eddard,MN090277-MN090188,./data/hybrid-vs-skiphybrid/hybrid-vs-ref//Eddard.MN090277.MN090188_cl0_it2.consensus_ivar.vs.MN090188.1.aln
Eddard-MN090277-MN090188_cl0_it2.consensus_ivar,MN090277.1,0,9231,9232,0,1,9232,Eddard,MN090277-MN090188,./data/hybrid-vs-skiphybrid/hybrid-vs-ref//Eddard.MN090277.MN090188_cl0_it2.consensus_ivar.vs.MN090277.1.aln
Eddard-MN090277_cl0_it2.consensus_ivar,MN090188.1,49,9004,9235,3,1,9235,Eddard,MN090277,./data/hybrid-vs-skiphybrid/hybrid-vs-ref//Eddard.MN090277_cl0_it2.consensus_ivar.vs.MN090188.1.aln
Eddard-MN090277_cl0_it2.consensus_ivar,MN090277.1,0,9231,9232,0,1,9232,Eddard,MN090277,./data/hybrid-vs-skiphybrid/hybrid-vs-ref//Eddard.MN090277_cl0_it2.consensus_ivar.vs.MN090277.1.aln
Eddard-reference_cl0_it2.consensus_ivar,MN090188.1,1620,6804,12475,53,814,12475,Eddard,reference,./data/hybrid-vs-skiphybrid/hybrid-vs-ref//Eddard.reference_cl0_it2.consensus_ivar.vs.MN090188.1.aln
Eddard-reference_cl0_it2.consensus_ivar,MN090277.1,1581,6926,12567,145,814,12567,Eddard,reference,./data/hybrid-vs-skiphybrid/hybrid-vs-ref//Eddard.reference_cl0_it2.consensus_ivar.vs.MN090277.1.aln
Eddard-reference_cl1_it2.consensus_ivar,MN090188.1,49,9004,9298,3,227,9298,Eddard,reference,./data/hybrid-vs-skiphybrid/hybrid-vs-ref//Eddard.reference_cl1_it2.consensus_ivar.vs.MN090188.1.aln
Eddard-reference_cl1_it2.consensus_ivar,MN090277.1,0,9068,9295,0,227,9295,Eddard,reference,./data/hybrid-vs-skiphybrid/hybrid-vs-ref//Eddard.reference_cl1_it2.consensus_ivar.vs.MN090277.1.aln
Eddard-virosaurus_cl0_it2.consensus_ivar,MN090188.1,49,9004,9298,3,227,9298,Eddard,virosaurus,./data/hybrid-vs-skiphybrid/hybrid-vs-ref//Eddard.virosaurus_cl0_it2.consensus_ivar.vs.MN090188.1.aln
Eddard-virosaurus_cl0_it2.consensus_ivar,MN090277.1,0,9068,9295,0,227,9295,Eddard,virosaurus,./data/hybrid-vs-skiphybrid/hybrid-vs-ref//Eddard.virosaurus_cl0_it2.consensus_ivar.vs.MN090277.1.aln
Jaime-MN090277-MZ766668_cl0_it2.consensus_ivar,MZ766668.1,417,8521,9246,73,1,9246,Jaime,MN090277-MZ766668,./data/hybrid-vs-skiphybrid/hybrid-vs-ref//Jaime.MN090277.MZ766668_cl0_it2.consensus_ivar.vs.MZ766668.1.aln
Jaime-MN090277-MZ766668_cl0_it2.consensus_ivar,MN090277.1,946,8218,9240,67,1,9240,Jaime,MN090277-MZ766668,./data/hybrid-vs-skiphybrid/hybrid-vs-ref//Jaime.MN090277.MZ766668_cl0_it2.consensus_ivar.vs.MN090277.1.aln
Jaime-MN090277-MZ766668_cl1_it2.consensus_ivar,MZ766668.1,8,8999,9012,4,0,9012,Jaime,MN090277-MZ766668,./data/hybrid-vs-skiphybrid/hybrid-vs-ref//Jaime.MN090277.MZ766668_cl1_it2.consensus_ivar.vs.MZ766668.1.aln
Jaime-MN090277-MZ766668_cl1_it2.consensus_ivar,MN090277.1,1363,7577,9300,292,0,9300,Jaime,MN090277-MZ766668,./data/hybrid-vs-skiphybrid/hybrid-vs-ref//Jaime.MN090277.MZ766668_cl1_it2.consensus_ivar.vs.MN090277.1.aln
Jaime-MN090277_cl0_it2.consensus_ivar,MZ766668.1,417,8521,9246,73,1,9246,Jaime,MN090277,./data/hybrid-vs-skiphybrid/hybrid-vs-ref//Jaime.MN090277_cl0_it2.consensus_ivar.vs.MZ766668.1.aln
Jaime-MN090277_cl0_it2.consensus_ivar,MN090277.1,946,8218,9240,67,1,9240,Jaime,MN090277,./data/hybrid-vs-skiphybrid/hybrid-vs-ref//Jaime.MN090277_cl0_it2.consensus_ivar.vs.MN090277.1.aln
Jaime-MN090277_cl1_it2.consensus_ivar,MZ766668.1,8,8995,9012,8,0,9012,Jaime,MN090277,./data/hybrid-vs-skiphybrid/hybrid-vs-ref//Jaime.MN090277_cl1_it2.consensus_ivar.vs.MZ766668.1.aln
Jaime-MN090277_cl1_it2.consensus_ivar,MN090277.1,1362,7575,9299,295,0,9299,Jaime,MN090277,./data/hybrid-vs-skiphybrid/hybrid-vs-ref//Jaime.MN090277_cl1_it2.consensus_ivar.vs.MN090277.1.aln
Jaime-MZ766668_cl0_it2.consensus_ivar,MZ766668.1,418,8520,9194,73,0,9194,Jaime,MZ766668,./data/hybrid-vs-skiphybrid/hybrid-vs-ref//Jaime.MZ766668_cl0_it2.consensus_ivar.vs.MZ766668.1.aln
Jaime-MZ766668_cl0_it2.consensus_ivar,MN090277.1,945,8168,9240,119,0,9240,Jaime,MZ766668,./data/hybrid-vs-skiphybrid/hybrid-vs-ref//Jaime.MZ766668_cl0_it2.consensus_ivar.vs.MN090277.1.aln
Jaime-MZ766668_cl1_it2.consensus_ivar,MZ766668.1,8,8999,9012,4,0,9012,Jaime,MZ766668,./data/hybrid-vs-skiphybrid/hybrid-vs-ref//Jaime.MZ766668_cl1_it2.consensus_ivar.vs.MZ766668.1.aln
Jaime-MZ766668_cl1_it2.consensus_ivar,MN090277.1,1363,7577,9300,292,0,9300,Jaime,MZ766668,./data/hybrid-vs-skiphybrid/hybrid-vs-ref//Jaime.MZ766668_cl1_it2.consensus_ivar.vs.MN090277.1.aln
Jaime-reference_cl1_it2.consensus_ivar,MZ766668.1,8,8808,9533,195,521,9533,Jaime,reference,./data/hybrid-vs-skiphybrid/hybrid-vs-ref//Jaime.reference_cl1_it2.consensus_ivar.vs.MZ766668.1.aln
Jaime-reference_cl1_it2.consensus_ivar,MN090277.1,1346,7403,9677,339,521,9677,Jaime,reference,./data/hybrid-vs-skiphybrid/hybrid-vs-ref//Jaime.reference_cl1_it2.consensus_ivar.vs.MN090277.1.aln
Jaime-reference_cl2_it2.consensus_ivar,MZ766668.1,414,8495,9343,82,222,9343,Jaime,reference,./data/hybrid-vs-skiphybrid/hybrid-vs-ref//Jaime.reference_cl2_it2.consensus_ivar.vs.MZ766668.1.aln
Jaime-reference_cl2_it2.consensus_ivar,MN090277.1,929,8107,9298,37,222,9298,Jaime,reference,./data/hybrid-vs-skiphybrid/hybrid-vs-ref//Jaime.reference_cl2_it2.consensus_ivar.vs.MN090277.1.aln
Jaime-virosaurus_cl1_it2.consensus_ivar,MZ766668.1,0,9011,9915,0,277,9915,Jaime,virosaurus,./data/hybrid-vs-skiphybrid/hybrid-vs-ref//Jaime.virosaurus_cl1_it2.consensus_ivar.vs.MZ766668.1.aln
Jaime-virosaurus_cl1_it2.consensus_ivar,MN090277.1,1371,7598,10027,112,277,10027,Jaime,virosaurus,./data/hybrid-vs-skiphybrid/hybrid-vs-ref//Jaime.virosaurus_cl1_it2.consensus_ivar.vs.MN090277.1.aln
Jaime-virosaurus_cl26_it2.consensus_ivar,MZ766668.1,445,8474,9343,72,222,9343,Jaime,virosaurus,./data/hybrid-vs-skiphybrid/hybrid-vs-ref//Jaime.virosaurus_cl26_it2.consensus_ivar.vs.MZ766668.1.aln
Jaime-virosaurus_cl26_it2.consensus_ivar,MN090277.1,910,8136,9298,27,222,9298,Jaime,virosaurus,./data/hybrid-vs-skiphybrid/hybrid-vs-ref//Jaime.virosaurus_cl26_it2.consensus_ivar.vs.MN090277.1.aln
Jon-MN090240_cl0_it2.consensus_ivar,MN090240.1,281,8730,9025,3,1,9025,Jon,MN090240,./data/hybrid-vs-skiphybrid/hybrid-vs-ref//Jon.MN090240_cl0_it2.consensus_ivar.vs.MN090240.1.aln
Jon-MN090240_cl0_it2.consensus_ivar,MN090277.1,0,9021,9232,210,1,9232,Jon,MN090240,./data/hybrid-vs-skiphybrid/hybrid-vs-ref//Jon.MN090240_cl0_it2.consensus_ivar.vs.MN090277.1.aln
Jon-MN090240_cl1_it2.consensus_ivar,MN090240.1,74,1875,9649,7066,0,9649,Jon,MN090240,./data/hybrid-vs-skiphybrid/hybrid-vs-ref//Jon.MN090240_cl1_it2.consensus_ivar.vs.MN090240.1.aln
Jon-MN090240_cl1_it2.consensus_ivar,MN090277.1,10,2108,9697,7114,0,9697,Jon,MN090240,./data/hybrid-vs-skiphybrid/hybrid-vs-ref//Jon.MN090240_cl1_it2.consensus_ivar.vs.MN090277.1.aln
Jon-MN090277-MN090240_cl0_it2.consensus_ivar,MN090240.1,281,8731,9235,3,1,9235,Jon,MN090277-MN090240,./data/hybrid-vs-skiphybrid/hybrid-vs-ref//Jon.MN090277.MN090240_cl0_it2.consensus_ivar.vs.MN090240.1.aln
Jon-MN090277-MN090240_cl0_it2.consensus_ivar,MN090277.1,0,9231,9232,0,1,9232,Jon,MN090277-MN090240,./data/hybrid-vs-skiphybrid/hybrid-vs-ref//Jon.MN090277.MN090240_cl0_it2.consensus_ivar.vs.MN090277.1.aln
Jon-MN090277-MN090240_cl1_it2.consensus_ivar,MN090240.1,74,1875,9648,7066,0,9648,Jon,MN090277-MN090240,./data/hybrid-vs-skiphybrid/hybrid-vs-ref//Jon.MN090277.MN090240_cl1_it2.consensus_ivar.vs.MN090240.1.aln
Jon-MN090277-MN090240_cl1_it2.consensus_ivar,MN090277.1,10,2108,9696,7114,0,9696,Jon,MN090277-MN090240,./data/hybrid-vs-skiphybrid/hybrid-vs-ref//Jon.MN090277.MN090240_cl1_it2.consensus_ivar.vs.MN090277.1.aln
Jon-MN090277_cl0_it2.consensus_ivar,MN090240.1,281,8731,9235,3,1,9235,Jon,MN090277,./data/hybrid-vs-skiphybrid/hybrid-vs-ref//Jon.MN090277_cl0_it2.consensus_ivar.vs.MN090240.1.aln
Jon-MN090277_cl0_it2.consensus_ivar,MN090277.1,0,9231,9232,0,1,9232,Jon,MN090277,./data/hybrid-vs-skiphybrid/hybrid-vs-ref//Jon.MN090277_cl0_it2.consensus_ivar.vs.MN090277.1.aln
Jon-MN090277_cl1_it2.consensus_ivar,MN090240.1,74,1875,9648,7066,0,9648,Jon,MN090277,./data/hybrid-vs-skiphybrid/hybrid-vs-ref//Jon.MN090277_cl1_it2.consensus_ivar.vs.MN090240.1.aln
Jon-MN090277_cl1_it2.consensus_ivar,MN090277.1,10,2108,9696,7114,0,9696,Jon,MN090277,./data/hybrid-vs-skiphybrid/hybrid-vs-ref//Jon.MN090277_cl1_it2.consensus_ivar.vs.MN090277.1.aln
Jon-reference_cl0_it2.consensus_ivar,MN090240.1,1734,7129,12542,128,81,12542,Jon,reference,./data/hybrid-vs-skiphybrid/hybrid-vs-ref//Jon.reference_cl0_it2.consensus_ivar.vs.MN090240.1.aln
Jon-reference_cl0_it2.consensus_ivar,MN090277.1,1694,7305,12584,170,81,12584,Jon,reference,./data/hybrid-vs-skiphybrid/hybrid-vs-ref//Jon.reference_cl0_it2.consensus_ivar.vs.MN090277.1.aln
Jon-reference_cl3_it2.consensus_ivar,MN090240.1,282,8730,9474,3,401,9474,Jon,reference,./data/hybrid-vs-skiphybrid/hybrid-vs-ref//Jon.reference_cl3_it2.consensus_ivar.vs.MN090240.1.aln
Jon-reference_cl3_it2.consensus_ivar,MN090277.1,1,9069,9471,0,401,9471,Jon,reference,./data/hybrid-vs-skiphybrid/hybrid-vs-ref//Jon.reference_cl3_it2.consensus_ivar.vs.MN090277.1.aln
Jon-reference_cl43_it2.consensus_ivar,MN090240.1,74,1875,9648,7066,0,9648,Jon,reference,./data/hybrid-vs-skiphybrid/hybrid-vs-ref//Jon.reference_cl43_it2.consensus_ivar.vs.MN090240.1.aln
Jon-reference_cl43_it2.consensus_ivar,MN090277.1,10,2108,9696,7114,0,9696,Jon,reference,./data/hybrid-vs-skiphybrid/hybrid-vs-ref//Jon.reference_cl43_it2.consensus_ivar.vs.MN090277.1.aln
Jon-virosaurus_cl0_it2.consensus_ivar,MN090240.1,281,8731,9766,3,693,9766,Jon,virosaurus,./data/hybrid-vs-skiphybrid/hybrid-vs-ref//Jon.virosaurus_cl0_it2.consensus_ivar.vs.MN090240.1.aln
Jon-virosaurus_cl0_it2.consensus_ivar,MN090277.1,0,9070,9763,0,693,9763,Jon,virosaurus,./data/hybrid-vs-skiphybrid/hybrid-vs-ref//Jon.virosaurus_cl0_it2.consensus_ivar.vs.MN090277.1.aln
Jon-virosaurus_cl14_it2.consensus_ivar,MN090240.1,272,8359,9125,189,295,9125,Jon,virosaurus,./data/hybrid-vs-skiphybrid/hybrid-vs-ref//Jon.virosaurus_cl14_it2.consensus_ivar.vs.MN090240.1.aln
Jon-virosaurus_cl14_it2.consensus_ivar,MN090277.1,0,8641,9232,296,295,9232,Jon,virosaurus,./data/hybrid-vs-skiphybrid/hybrid-vs-ref//Jon.virosaurus_cl14_it2.consensus_ivar.vs.MN090277.1.aln
Jon-virosaurus_cl20_it2.consensus_ivar,MN090240.1,74,1875,9649,7066,0,9649,Jon,virosaurus,./data/hybrid-vs-skiphybrid/hybrid-vs-ref//Jon.virosaurus_cl20_it2.consensus_ivar.vs.MN090240.1.aln
Jon-virosaurus_cl20_it2.consensus_ivar,MN090277.1,10,2108,9697,7114,0,9697,Jon,virosaurus,./data/hybrid-vs-skiphybrid/hybrid-vs-ref//Jon.virosaurus_cl20_it2.consensus_ivar.vs.MN090277.1.aln
Jon-virosaurus_cl6_it2.consensus_ivar,MN090240.1,282,8730,9298,3,227,9298,Jon,virosaurus,./data/hybrid-vs-skiphybrid/hybrid-vs-ref//Jon.virosaurus_cl6_it2.consensus_ivar.vs.MN090240.1.aln
Jon-virosaurus_cl6_it2.consensus_ivar,MN090277.1,1,9067,9295,0,227,9295,Jon,virosaurus,./data/hybrid-vs-skiphybrid/hybrid-vs-ref//Jon.virosaurus_cl6_it2.consensus_ivar.vs.MN090277.1.aln
Jorah-MN090277-MZ766668_cl1_it2.consensus_ivar,MZ766668.1,0,9010,9011,0,1,9011,Jorah,MN090277-MZ766668,./data/hybrid-vs-skiphybrid/hybrid-vs-ref//Jorah.MN090277.MZ766668_cl1_it2.consensus_ivar.vs.MZ766668.1.aln
Jorah-MN090277_cl1_it2.consensus_ivar,MZ766668.1,0,9010,9011,1,0,9011,Jorah,MN090277,./data/hybrid-vs-skiphybrid/hybrid-vs-ref//Jorah.MN090277_cl1_it2.consensus_ivar.vs.MZ766668.1.aln
Jorah-MZ766668_cl0_it2.consensus_ivar,MZ766668.1,0,9010,9011,0,1,9011,Jorah,MZ766668,./data/hybrid-vs-skiphybrid/hybrid-vs-ref//Jorah.MZ766668_cl0_it2.consensus_ivar.vs.MZ766668.1.aln
Jorah-reference_cl0_it2.consensus_ivar,MZ766668.1,0,9010,9532,0,522,9532,Jorah,reference,./data/hybrid-vs-skiphybrid/hybrid-vs-ref//Jorah.reference_cl0_it2.consensus_ivar.vs.MZ766668.1.aln
Jorah-virosaurus_cl2_it2.consensus_ivar,MZ766668.1,0,8908,9122,103,76,9122,Jorah,virosaurus,./data/hybrid-vs-skiphybrid/hybrid-vs-ref//Jorah.virosaurus_cl2_it2.consensus_ivar.vs.MZ766668.1.aln
Rickon-MN090188_cl0_it2.consensus_ivar,MN090188.1,0,9055,9056,0,1,9056,Rickon,MN090188,./data/hybrid-vs-skiphybrid/hybrid-vs-ref//Rickon.MN090188_cl0_it2.consensus_ivar.vs.MN090188.1.aln
Rickon-MN090277-MN090188_cl0_it2.consensus_ivar,MN090188.1,0,9055,9232,0,177,9232,Rickon,MN090277-MN090188,./data/hybrid-vs-skiphybrid/hybrid-vs-ref//Rickon.MN090277.MN090188_cl0_it2.consensus_ivar.vs.MN090188.1.aln
Rickon-MN090277_cl0_it2.consensus_ivar,MN090188.1,0,9055,9232,0,177,9232,Rickon,MN090277,./data/hybrid-vs-skiphybrid/hybrid-vs-ref//Rickon.MN090277_cl0_it2.consensus_ivar.vs.MN090188.1.aln
Rickon-reference_cl0_it2.consensus_ivar,MN090188.1,0,9054,9084,1,29,9084,Rickon,reference,./data/hybrid-vs-skiphybrid/hybrid-vs-ref//Rickon.reference_cl0_it2.consensus_ivar.vs.MN090188.1.aln
Rickon-virosaurus_cl0_it2.consensus_ivar,MN090188.1,0,9040,9089,15,34,9089,Rickon,virosaurus,./data/hybrid-vs-skiphybrid/hybrid-vs-ref//Rickon.virosaurus_cl0_it2.consensus_ivar.vs.MN090188.1.aln
Robb-MN090188_cl0_it2.consensus_ivar,MN090188.1,0,9056,9056,0,0,9056,Robb,MN090188,./data/hybrid-vs-skiphybrid/hybrid-vs-ref//Robb.MN090188_cl0_it2.consensus_ivar.vs.MN090188.1.aln
Robb-MN090188_cl0_it2.consensus_ivar,MN090277.1,49,9004,9235,179,0,9235,Robb,MN090188,./data/hybrid-vs-skiphybrid/hybrid-vs-ref//Robb.MN090188_cl0_it2.consensus_ivar.vs.MN090277.1.aln
Robb-MN090277-MN090188_cl0_it2.consensus_ivar,MN090188.1,0,9056,9232,0,1,9232,Robb,MN090277-MN090188,./data/hybrid-vs-skiphybrid/hybrid-vs-ref//Robb.MN090277.MN090188_cl0_it2.consensus_ivar.vs.MN090188.1.aln
Robb-MN090277-MN090188_cl0_it2.consensus_ivar,MN090277.1,49,9179,9235,3,1,9235,Robb,MN090277-MN090188,./data/hybrid-vs-skiphybrid/hybrid-vs-ref//Robb.MN090277.MN090188_cl0_it2.consensus_ivar.vs.MN090277.1.aln
Robb-MN090277_cl0_it2.consensus_ivar,MN090188.1,0,9056,9232,0,1,9232,Robb,MN090277,./data/hybrid-vs-skiphybrid/hybrid-vs-ref//Robb.MN090277_cl0_it2.consensus_ivar.vs.MN090188.1.aln
Robb-MN090277_cl0_it2.consensus_ivar,MN090277.1,49,9179,9235,3,1,9235,Robb,MN090277,./data/hybrid-vs-skiphybrid/hybrid-vs-ref//Robb.MN090277_cl0_it2.consensus_ivar.vs.MN090277.1.aln
Robb-reference_cl1_it2.consensus_ivar,MN090188.1,0,9056,9295,0,227,9295,Robb,reference,./data/hybrid-vs-skiphybrid/hybrid-vs-ref//Robb.reference_cl1_it2.consensus_ivar.vs.MN090188.1.aln
Robb-reference_cl1_it2.consensus_ivar,MN090277.1,49,9016,9298,3,227,9298,Robb,reference,./data/hybrid-vs-skiphybrid/hybrid-vs-ref//Robb.reference_cl1_it2.consensus_ivar.vs.MN090277.1.aln
Robb-virosaurus_cl0_it2.consensus_ivar,MN090188.1,0,9056,9295,0,227,9295,Robb,virosaurus,./data/hybrid-vs-skiphybrid/hybrid-vs-ref//Robb.virosaurus_cl0_it2.consensus_ivar.vs.MN090188.1.aln
Robb-virosaurus_cl0_it2.consensus_ivar,MN090277.1,49,9016,9298,3,227,9298,Robb,virosaurus,./data/hybrid-vs-skiphybrid/hybrid-vs-ref//Robb.virosaurus_cl0_it2.consensus_ivar.vs.MN090277.1.aln
Sansa-MN090240_cl0_it2.consensus_ivar,MN090240.1,58,8956,9025,0,1,9025,Sansa,MN090240,./data/hybrid-vs-skiphybrid/hybrid-vs-ref//Sansa.MN090240_cl0_it2.consensus_ivar.vs.MN090240.1.aln
Sansa-MN090240_cl0_it2.consensus_ivar,MN090277.1,223,8798,9235,210,1,9235,Sansa,MN090240,./data/hybrid-vs-skiphybrid/hybrid-vs-ref//Sansa.MN090240_cl0_it2.consensus_ivar.vs.MN090277.1.aln
Sansa-MN090277-MN090240_cl0_it2.consensus_ivar,MN090240.1,78,8937,9229,0,1,9229,Sansa,MN090277-MN090240,./data/hybrid-vs-skiphybrid/hybrid-vs-ref//Sansa.MN090277.MN090240_cl0_it2.consensus_ivar.vs.MN090240.1.aln
Sansa-MN090277-MN090240_cl0_it2.consensus_ivar,MN090277.1,203,9022,9235,6,1,9235,Sansa,MN090277-MN090240,./data/hybrid-vs-skiphybrid/hybrid-vs-ref//Sansa.MN090277.MN090240_cl0_it2.consensus_ivar.vs.MN090277.1.aln
Sansa-MN090277_cl0_it2.consensus_ivar,MN090240.1,78,8937,9229,0,1,9229,Sansa,MN090277,./data/hybrid-vs-skiphybrid/hybrid-vs-ref//Sansa.MN090277_cl0_it2.consensus_ivar.vs.MN090240.1.aln
Sansa-MN090277_cl0_it2.consensus_ivar,MN090277.1,203,9022,9235,6,1,9235,Sansa,MN090277,./data/hybrid-vs-skiphybrid/hybrid-vs-ref//Sansa.MN090277_cl0_it2.consensus_ivar.vs.MN090277.1.aln
Sansa-reference_cl0_it2.consensus_ivar,MN090240.1,1709,7211,12493,91,22,12493,Sansa,reference,./data/hybrid-vs-skiphybrid/hybrid-vs-ref//Sansa.reference_cl0_it2.consensus_ivar.vs.MN090240.1.aln
Sansa-reference_cl0_it2.consensus_ivar,MN090277.1,1757,7291,12582,180,22,12582,Sansa,reference,./data/hybrid-vs-skiphybrid/hybrid-vs-ref//Sansa.reference_cl0_it2.consensus_ivar.vs.MN090277.1.aln
Sansa-reference_cl1_it2.consensus_ivar,MN090240.1,55,8960,9467,0,339,9467,Sansa,reference,./data/hybrid-vs-skiphybrid/hybrid-vs-ref//Sansa.reference_cl1_it2.consensus_ivar.vs.MN090240.1.aln
Sansa-reference_cl1_it2.consensus_ivar,MN090277.1,224,8835,9476,9,339,9476,Sansa,reference,./data/hybrid-vs-skiphybrid/hybrid-vs-ref//Sansa.reference_cl1_it2.consensus_ivar.vs.MN090277.1.aln
Sansa-virosaurus_cl0_it2.consensus_ivar,MN090240.1,95,8848,9767,14,758,9767,Sansa,virosaurus,./data/hybrid-vs-skiphybrid/hybrid-vs-ref//Sansa.virosaurus_cl0_it2.consensus_ivar.vs.MN090240.1.aln
Sansa-virosaurus_cl0_it2.consensus_ivar,MN090277.1,179,8815,9764,11,758,9764,Sansa,virosaurus,./data/hybrid-vs-skiphybrid/hybrid-vs-ref//Sansa.virosaurus_cl0_it2.consensus_ivar.vs.MN090277.1.aln
Sansa-virosaurus_cl1_it2.consensus_ivar,MN090240.1,85,8898,9767,32,218,9767,Sansa,virosaurus,./data/hybrid-vs-skiphybrid/hybrid-vs-ref//Sansa.virosaurus_cl1_it2.consensus_ivar.vs.MN090240.1.aln
Sansa-virosaurus_cl1_it2.consensus_ivar,MN090277.1,217,8854,9770,35,218,9770,Sansa,virosaurus,./data/hybrid-vs-skiphybrid/hybrid-vs-ref//Sansa.virosaurus_cl1_it2.consensus_ivar.vs.MN090277.1.aln
Sansa-virosaurus_cl4_it2.consensus_ivar,MN090240.1,81,8934,9298,0,227,9298,Sansa,virosaurus,./data/hybrid-vs-skiphybrid/hybrid-vs-ref//Sansa.virosaurus_cl4_it2.consensus_ivar.vs.MN090240.1.aln
Sansa-virosaurus_cl4_it2.consensus_ivar,MN090277.1,200,8868,9298,0,227,9298,Sansa,virosaurus,./data/hybrid-vs-skiphybrid/hybrid-vs-ref//Sansa.virosaurus_cl4_it2.consensus_ivar.vs.MN090277.1.aln
Theon-MN090240_cl0_it2.consensus_ivar,MN090240.1,0,9014,9015,0,1,9015,Theon,MN090240,./data/hybrid-vs-skiphybrid/hybrid-vs-ref//Theon.MN090240_cl0_it2.consensus_ivar.vs.MN090240.1.aln
Theon-MN090277-MN090240_cl0_it2.consensus_ivar,MN090240.1,0,8996,9225,0,229,9225,Theon,MN090277-MN090240,./data/hybrid-vs-skiphybrid/hybrid-vs-ref//Theon.MN090277.MN090240_cl0_it2.consensus_ivar.vs.MN090240.1.aln
Theon-MN090277_cl0_it2.consensus_ivar,MN090240.1,0,8996,9225,0,229,9225,Theon,MN090277,./data/hybrid-vs-skiphybrid/hybrid-vs-ref//Theon.MN090277_cl0_it2.consensus_ivar.vs.MN090240.1.aln
Theon-reference_cl0_it2.consensus_ivar,MN090240.1,0,8996,9288,0,292,9288,Theon,reference,./data/hybrid-vs-skiphybrid/hybrid-vs-ref//Theon.reference_cl0_it2.consensus_ivar.vs.MN090240.1.aln
Theon-virosaurus_cl0_it2.consensus_ivar,MN090240.1,0,8996,9288,0,292,9288,Theon,virosaurus,./data/hybrid-vs-skiphybrid/hybrid-vs-ref//Theon.virosaurus_cl0_it2.consensus_ivar.vs.MN090240.1.aln
Tyrion-MN090277-MZ766668_cl0_it2.consensus_ivar,MZ766668.1,1161,7778,9308,72,1,9308,Tyrion,MN090277-MZ766668,./data/hybrid-vs-skiphybrid/hybrid-vs-ref//Tyrion.MN090277.MZ766668_cl0_it2.consensus_ivar.vs.MZ766668.1.aln
Tyrion-MN090277-MZ766668_cl0_it2.consensus_ivar,MN090277.1,202,9029,9236,0,1,9236,Tyrion,MN090277-MZ766668,./data/hybrid-vs-skiphybrid/hybrid-vs-ref//Tyrion.MN090277.MZ766668_cl0_it2.consensus_ivar.vs.MN090277.1.aln
Tyrion-MN090277-MZ766668_cl1_it2.consensus_ivar,MZ766668.1,77,8927,9012,7,0,9012,Tyrion,MN090277-MZ766668,./data/hybrid-vs-skiphybrid/hybrid-vs-ref//Tyrion.MN090277.MZ766668_cl1_it2.consensus_ivar.vs.MZ766668.1.aln
Tyrion-MN090277-MZ766668_cl1_it2.consensus_ivar,MN090277.1,1321,7625,9291,286,0,9291,Tyrion,MN090277-MZ766668,./data/hybrid-vs-skiphybrid/hybrid-vs-ref//Tyrion.MN090277.MZ766668_cl1_it2.consensus_ivar.vs.MN090277.1.aln
Tyrion-MN090277_cl0_it2.consensus_ivar,MZ766668.1,1161,7778,9308,72,1,9308,Tyrion,MN090277,./data/hybrid-vs-skiphybrid/hybrid-vs-ref//Tyrion.MN090277_cl0_it2.consensus_ivar.vs.MZ766668.1.aln
Tyrion-MN090277_cl0_it2.consensus_ivar,MN090277.1,202,9029,9236,0,1,9236,Tyrion,MN090277,./data/hybrid-vs-skiphybrid/hybrid-vs-ref//Tyrion.MN090277_cl0_it2.consensus_ivar.vs.MN090277.1.aln
Tyrion-MN090277_cl1_it2.consensus_ivar,MZ766668.1,66,8930,9104,15,0,9104,Tyrion,MN090277,./data/hybrid-vs-skiphybrid/hybrid-vs-ref//Tyrion.MN090277_cl1_it2.consensus_ivar.vs.MZ766668.1.aln
Tyrion-MN090277_cl1_it2.consensus_ivar,MN090277.1,1305,7726,9290,201,0,9290,Tyrion,MN090277,./data/hybrid-vs-skiphybrid/hybrid-vs-ref//Tyrion.MN090277_cl1_it2.consensus_ivar.vs.MN090277.1.aln
Tyrion-MZ766668_cl0_it2.consensus_ivar,MZ766668.1,84,8920,9013,7,0,9013,Tyrion,MZ766668,./data/hybrid-vs-skiphybrid/hybrid-vs-ref//Tyrion.MZ766668_cl0_it2.consensus_ivar.vs.MZ766668.1.aln
Tyrion-MZ766668_cl0_it2.consensus_ivar,MN090277.1,1311,7635,9292,286,0,9292,Tyrion,MZ766668,./data/hybrid-vs-skiphybrid/hybrid-vs-ref//Tyrion.MZ766668_cl0_it2.consensus_ivar.vs.MN090277.1.aln
Tyrion-MZ766668_cl1_it2.consensus_ivar,MZ766668.1,1222,7682,9159,107,0,9159,Tyrion,MZ766668,./data/hybrid-vs-skiphybrid/hybrid-vs-ref//Tyrion.MZ766668_cl1_it2.consensus_ivar.vs.MZ766668.1.aln
Tyrion-MZ766668_cl1_it2.consensus_ivar,MN090277.1,136,8916,9232,180,0,9232,Tyrion,MZ766668,./data/hybrid-vs-skiphybrid/hybrid-vs-ref//Tyrion.MZ766668_cl1_it2.consensus_ivar.vs.MN090277.1.aln
Tyrion-reference_cl1_it2.consensus_ivar,MZ766668.1,55,8949,9533,7,521,9533,Tyrion,reference,./data/hybrid-vs-skiphybrid/hybrid-vs-ref//Tyrion.reference_cl1_it2.consensus_ivar.vs.MZ766668.1.aln
Tyrion-reference_cl1_it2.consensus_ivar,MN090277.1,1316,7624,9674,148,521,9674,Tyrion,reference,./data/hybrid-vs-skiphybrid/hybrid-vs-ref//Tyrion.reference_cl1_it2.consensus_ivar.vs.MN090277.1.aln
Tyrion-reference_cl2_it2.consensus_ivar,MZ766668.1,1223,7702,9361,66,222,9361,Tyrion,reference,./data/hybrid-vs-skiphybrid/hybrid-vs-ref//Tyrion.reference_cl2_it2.consensus_ivar.vs.MZ766668.1.aln
Tyrion-reference_cl2_it2.consensus_ivar,MN090277.1,140,8933,9295,0,222,9295,Tyrion,reference,./data/hybrid-vs-skiphybrid/hybrid-vs-ref//Tyrion.reference_cl2_it2.consensus_ivar.vs.MN090277.1.aln
Tyrion-virosaurus_cl1_it2.consensus_ivar,MZ766668.1,61,8950,9915,0,255,9915,Tyrion,virosaurus,./data/hybrid-vs-skiphybrid/hybrid-vs-ref//Tyrion.virosaurus_cl1_it2.consensus_ivar.vs.MZ766668.1.aln
Tyrion-virosaurus_cl1_it2.consensus_ivar,MN090277.1,1323,7663,10027,112,255,10027,Tyrion,virosaurus,./data/hybrid-vs-skiphybrid/hybrid-vs-ref//Tyrion.virosaurus_cl1_it2.consensus_ivar.vs.MN090277.1.aln
Tyrion-virosaurus_cl21_it2.consensus_ivar,MZ766668.1,1222,7703,9361,66,222,9361,Tyrion,virosaurus,./data/hybrid-vs-skiphybrid/hybrid-vs-ref//Tyrion.virosaurus_cl21_it2.consensus_ivar.vs.MZ766668.1.aln
Tyrion-virosaurus_cl21_it2.consensus_ivar,MN090277.1,141,8932,9295,0,222,9295,Tyrion,virosaurus,./data/hybrid-vs-skiphybrid/hybrid-vs-ref//Tyrion.virosaurus_cl21_it2.consensus_ivar.vs.MN090277.1.aln
