index	sample	(annotation) segment	(checkv) completeness	(cluster) centroid	reference_distance
LVE00127_cl1_it2	LVE00127	S	32.09	MK117995.1	LVE00127-9496
LVE00127_cl1_it2	LVE00127	S	32.2	acc-GENBANK-MK107906.1-Mammarenavirus	LVE00127-RVDB
LVE00127_cl1_it2	LVE00127	S	31.82	MK118019.1	LVE00127-98100
LVE00127_cl1_it2	LVE00127	S	31.57	MH053552.1	LVE00127-9294
LVE00127_cl1_it2	LVE00127	S	31.43	MK117974.1	LVE00127-9092
LVE00127_cl1_it2	LVE00127	S	31.09	LC387468.1	LVE00127-9698
LVE00127_cl1_it2	LVE00127	S	32.1	MK107957.1	LVE00127-8688
LVE00127_cl1_it2	LVE00127	S	31.18	MH157039.1	LVE00127-8890
LVE00127_cl1_it2	LVE00127	S	31.62	k141_4	LVE00127-6870
LVE00127_cl2_it2	LVE00127	S	31.62	k141_4	LVE00127-7072
LVE00127_cl2_it2	LVE00127	S	31.62	k141_4	LVE00127-8082
LVE00127_cl1_it2	LVE00127	S	31.62	k141_4	LVE00127-7678
LVE00127_cl2_it2	LVE00127	S	31.62	k141_4	LVE00127-6668
LVE00127_cl2_it2	LVE00127	S	31.62	k141_4	LVE00127-8284
LVE00127_cl1_it2	LVE00127	S	31.62	k141_4	LVE00127-7476
LVE00127_cl2_it2	LVE00127	S	31.62	k141_4	LVE00127-7274
LVE00127_cl2_it2	LVE00127	S	31.62	k141_4	LVE00127-8486
LVE00127_cl2_it2	LVE00127	S		MK117981.1	LVE00127-7880
LVE00223_cl1_it2	LVE00223	S	32.07	MH887854.1	LVE00223-9698
LVE00223_cl1_it2	LVE00223	S	32.23	KM821953.1	LVE00223-9496
LVE00223_cl1_it2	LVE00223	S	32.23	acc-NEIGHBOR-KM821953.1-Lassa	LVE00223-RVDB
LVE00223_cl1_it2	LVE00223	S	31.95	MK118002.1	LVE00223-9294
LVE00223_cl1_it2	LVE00223	S	31.85	MK118026.1	LVE00223-9092
LVE00223_cl2_it2	LVE00223	S	30.83	MH887798.1	LVE00223-98100
LVE00140_cl1_it2	LVE00140	S	32.03	MH887801.1	LVE00140-9698
LVE00140_cl1_it2	LVE00140	S	32.24	k141_0	LVE00140-7678
LVE00140_cl1_it2	LVE00140	S	32.24	k141_0	LVE00140-9092
LVE00140_cl1_it2	LVE00140	S	32.24	k141_0	LVE00140-8082
LVE00140_cl1_it2	LVE00140	S	32.24	k141_0	LVE00140-7072
LVE00140_cl1_it2	LVE00140	S	32.24	k141_0	LVE00140-7880
LVE00140_cl1_it2	LVE00140	S	32.24	k141_0	LVE00140-RVDB
LVE00140_cl1_it2	LVE00140	S	32.24	k141_0	LVE00140-7476
LVE00140_cl2_it2	LVE00140	S	32.24	k141_0	LVE00140-8284
LVE00140_cl1_it2	LVE00140	S	32.24	k141_0	LVE00140-98100
LVE00140_cl1_it2	LVE00140	S	32.24	k141_0	LVE00140-8890
LVE00140_cl1_it2	LVE00140	S	32.24	k141_0	LVE00140-6668
LVE00140_cl1_it2	LVE00140	S	32.24	k141_0	LVE00140-7274
LVE00140_cl1_it2	LVE00140	S	32.24	k141_0	LVE00140-6870
LVE00140_cl1_it2	LVE00140	S	31.69	MK118014.1	LVE00140-9496
LVE00140_cl1_it2	LVE00140	S	31.29	MK117951.1	LVE00140-9294
LVE00279_cl0_it2	LVE00279	S	32.12	KM821949.1	LVE00279-9294
LVE00279_cl0_it2	LVE00279	S	32.12	MK118028.1	LVE00279-98100
LVE00279_cl0_it2	LVE00279	S	31.99	MK117979.1	LVE00279-9092
LVE00279_cl0_it2	LVE00279	S	31.93	KM822059.1	LVE00279-9496
LVE00127_cl0_it2	LVE00127	L	68.23	MK117931.1	LVE00127-98100
LVE00127_cl0_it2	LVE00127	L	68.26	MK117897.1	LVE00127-9496
LVE00279_cl0_it2	LVE00279	S	31.74	KM822076.1	LVE00279-9698
LVE00127_cl0_it2	LVE00127	L	68.45	acc-GENBANK-MK107847.1-Mammarenavirus	LVE00127-RVDB
LVE00127_cl0_it2	LVE00127	L	68.45	MK107847.1	LVE00127-9698
LVE00279_cl1_it2	LVE00279	S	33.7	NODE_1_length_3569_cov_214.247240	LVE00279-8486
LVE00279_cl1_it2	LVE00279	S	33.7	NODE_1_length_3569_cov_214.247240	LVE00279-7678
LVE00279_cl1_it2	LVE00279	S	33.7	NODE_1_length_3569_cov_214.247240	LVE00279-8082
LVE00279_cl1_it2	LVE00279	S	33.7	NODE_1_length_3569_cov_214.247240	LVE00279-7476
LVE00279_cl0_it2	LVE00279	S	33.7	NODE_1_length_3569_cov_214.247240	LVE00279-6870
LVE00279_cl1_it2	LVE00279	S	33.7	NODE_1_length_3569_cov_214.247240	LVE00279-8688
LVE00279_cl1_it2	LVE00279	S	33.7	NODE_1_length_3569_cov_214.247240	LVE00279-8890
LVE00279_cl1_it2	LVE00279	S	33.7	NODE_1_length_3569_cov_214.247240	LVE00279-8284
LVE00279_cl0_it2	LVE00279	S	33.7	NODE_1_length_3569_cov_214.247240	LVE00279-7274
LVE00279_cl1_it2	LVE00279	S	33.7	NODE_1_length_3569_cov_214.247240	LVE00279-7880
LVE00279_cl1_it2	LVE00279	S	33.7	NODE_1_length_3569_cov_214.247240	LVE00279-7072
LVE00279_cl1_it2	LVE00279	S	33.7	NODE_1_length_3569_cov_214.247240	LVE00279-RVDB
LVE00127_cl0_it2	LVE00127	L	67.27	MH053548.1	LVE00127-9092
LVE00127_cl0_it2	LVE00127	L		MK117910.1	LVE00127-9294
LVE00127_cl0_it2	LVE00127	L		OQ791481.1	LVE00127-8890
LVE00223_cl0_it2	LVE00223	L		GU481075.1	LVE00223-8284
LVE00223_cl0_it2	LVE00223	L		MH887976.1	LVE00223-8486
LVE00223_cl0_it2	LVE00223	L		acc-NEIGHBOR-KM821952.1-Lassa	LVE00223-RVDB
LVE00223_cl0_it2	LVE00223	L		MH887914.1	LVE00223-8082
LVE00223_cl0_it2	LVE00223	L		MK117941.1	LVE00223-7880
LVE00223_cl0_it2	LVE00223	L		OQ791480.1	LVE00223-7678
LVE00223_cl0_it2	LVE00223	L		MH053534.1	LVE00223-7476
LVE00127_cl0_it2	LVE00127	L		KM822050.1	LVE00127-8284
LVE00223_cl0_it2	LVE00223	L		MK117919.1	LVE00223-7072
LVE00127_cl0_it2	LVE00127	L		MK117945.1	LVE00127-8082
LVE00223_cl0_it2	LVE00223	L		k141_19	LVE00223-9496
LVE00223_cl0_it2	LVE00223	L		k141_19	LVE00223-98100
LVE00223_cl0_it2	LVE00223	L		k141_19	LVE00223-9092
LVE00223_cl0_it2	LVE00223	L		k141_19	LVE00223-9698
LVE00223_cl0_it2	LVE00223	L		k141_19	LVE00223-9294
LVE00223_cl0_it2	LVE00223	L		k141_19	LVE00223-6870
LVE00223_cl0_it2	LVE00223	L		k141_19	LVE00223-6668
LVE00223_cl0_it2	LVE00223	L		k141_19	LVE00223-7274
LVE00140_cl0_it2	LVE00140	L	67.71	MH887910.1	LVE00140-9294
LVE00140_cl0_it2	LVE00140	L	68.12	MH887948.1	LVE00140-9698
LVE00140_cl0_it2	LVE00140	L	69.6	k141_1	LVE00140-7678
LVE00140_cl0_it2	LVE00140	L	69.6	k141_1	LVE00140-8082
LVE00140_cl0_it2	LVE00140	L	69.6	k141_1	LVE00140-7072
LVE00140_cl0_it2	LVE00140	L	69.6	k141_1	LVE00140-7880
LVE00140_cl0_it2	LVE00140	L	69.6	k141_1	LVE00140-RVDB
LVE00140_cl0_it2	LVE00140	L	69.6	k141_1	LVE00140-7476
LVE00140_cl0_it2	LVE00140	L	69.6	k141_1	LVE00140-8284
LVE00140_cl0_it2	LVE00140	L	69.6	k141_1	LVE00140-6668
LVE00140_cl0_it2	LVE00140	L	69.6	k141_1	LVE00140-7274
LVE00140_cl0_it2	LVE00140	L	69.6	k141_1	LVE00140-6870
LVE00140_cl0_it2	LVE00140	L	67.77	MH053547.1	LVE00140-9496
LVE00140_cl0_it2	LVE00140	L	71.88	LVE00140	LVE00140-98100
LVE00140_cl0_it2	LVE00140	L	67.24	MH053504.1	LVE00140-8890
LVE00140_cl0_it2	LVE00140	L	66.39	ON569370.1	LVE00140-9092
LVE00127_cl0_it2	LVE00127	L		MH053566.1	LVE00127-7880
LVE00223_cl1_it2	LVE00223	S		NODE_2_length_3316_cov_158.664158	LVE00223-7880
LVE00223_cl1_it2	LVE00223	S		NODE_2_length_3316_cov_158.664158	LVE00223-7072
LVE00223_cl1_it2	LVE00223	S		NODE_2_length_3316_cov_158.664158	LVE00223-8486
LVE00223_cl2_it2	LVE00223	S		NODE_2_length_3316_cov_158.664158	LVE00223-8082
LVE00223_cl3_it2	LVE00223	S		NODE_2_length_3316_cov_158.664158	LVE00223-7476
LVE00223_cl1_it2	LVE00223	S		NODE_2_length_3316_cov_158.664158	LVE00223-8284
LVE00223_cl1_it2	LVE00223	S		NODE_2_length_3316_cov_158.664158	LVE00223-6870
LVE00223_cl2_it2	LVE00223	S		NODE_2_length_3316_cov_158.664158	LVE00223-7678
LVE00223_cl1_it2	LVE00223	S		NODE_2_length_3316_cov_158.664158	LVE00223-6668
LVE00223_cl1_it2	LVE00223	S		NODE_2_length_3316_cov_158.664158	LVE00223-7274
LVE00279_cl0_it2	LVE00279	L	67.79	KM822075.1	LVE00279-8486
LVE00279_cl0_it2	LVE00279	L	68.46	MK117940.1	LVE00279-8688
LVE00279_cl0_it2	LVE00279	L	68.47	KM822050.1	LVE00279-8284
LVE00279_cl0_it2	LVE00279	L	68.47	acc-NEIGHBOR-KM822050.1-Lassa	LVE00279-RVDB
LVE00279_cl0_it2	LVE00279	L	68.49	MK117936.1	LVE00279-8082
LVE00279_cl0_it2	LVE00279	L	68.49	MK107842.1	LVE00279-8890
LVE00063_cl0_it2	LVE00063	S	32.1	MK107957.1	LVE00063-8688
LVE00063_cl0_it2	LVE00063	S	32.08	MK117996.1	LVE00063-9698
LVE00063_cl0_it2	LVE00063	S	32.17	MK117995.1	LVE00063-9496
LVE00063_cl0_it2	LVE00063	S	32.2	MK107926.1	LVE00063-9092
LVE00063_cl1_it2	LVE00063	S	32.2	acc-GENBANK-MK107905.1-Mammarenavirus	LVE00063-RVDB
LVE00063_cl0_it2	LVE00063	S	31.82	MK118019.1	LVE00063-98100
LVE00063_cl0_it2	LVE00063	S	31.57	MH053552.1	LVE00063-9294
LVE00063_cl0_it2	LVE00063	S	31.04	k141_9	LVE00063-7274
LVE00063_cl1_it2	LVE00063	S	31.04	k141_9	LVE00063-8284
LVE00063_cl0_it2	LVE00063	S	31.04	k141_9	LVE00063-7072
LVE00063_cl0_it2	LVE00063	S	31.04	k141_9	LVE00063-6668
LVE00063_cl1_it2	LVE00063	S	31.04	k141_9	LVE00063-7678
LVE00063_cl1_it2	LVE00063	S	31.04	k141_9	LVE00063-6466
LVE00063_cl1_it2	LVE00063	S	31.04	k141_9	LVE00063-7476
LVE00063_cl0_it2	LVE00063	S	31.04	k141_9	LVE00063-6870
LVE00063_cl1_it2	LVE00063	S	31.04	k141_9	LVE00063-8486
LVE00279_cl0_it2	LVE00279	L		MK117919.1	LVE00279-7476
LVE00063_cl0_it2	LVE00063	S		MH157039.1	LVE00063-8890
LVE00279_cl0_it2	LVE00279	L	66.71	MH053569.1	LVE00279-7880
LVE00063_cl0_it2	LVE00063	S		MK117981.1	LVE00063-7880
LVE00279_cl0_it2	LVE00279	L		MH053585.1	LVE00279-7678
LVE00127_cl0_it2	LVE00127	L	39.38	k141_3	LVE00127-8688
LVE00127_cl0_it2	LVE00127	L	39.38	k141_3	LVE00127-6870
LVE00127_cl1_it2	LVE00127	L	39.38	k141_3	LVE00127-7072
LVE00127_cl0_it2	LVE00127	L	39.38	k141_3	LVE00127-7678
LVE00127_cl1_it2	LVE00127	L	39.38	k141_3	LVE00127-6668
LVE00127_cl0_it2	LVE00127	L	39.38	k141_3	LVE00127-7476
LVE00127_cl1_it2	LVE00127	L	39.38	k141_3	LVE00127-7274
LVE00127_cl0_it2	LVE00127	L	39.38	k141_3	LVE00127-8486
LVE00279_cl1_it2	LVE00279	L		k141_3	LVE00279-9294
LVE00279_cl1_it2	LVE00279	L		k141_3	LVE00279-9092
LVE00279_cl1_it2	LVE00279	L		k141_3	LVE00279-98100
LVE00279_cl1_it2	LVE00279	L		k141_3	LVE00279-6870
LVE00279_cl1_it2	LVE00279	L		k141_3	LVE00279-9496
LVE00279_cl1_it2	LVE00279	L		k141_3	LVE00279-7274
LVE00279_cl1_it2	LVE00279	L		k141_3	LVE00279-9698
LVE00279_cl2_it2	LVE00279	L		k141_3	LVE00279-7072
LVE00167_cl0_it2	LVE00167	S	32.09	k141_5	LVE00167-6668
LVE00167_cl1_it2	LVE00167	S	32.09	k141_5	LVE00167-8082
LVE00167_cl1_it2	LVE00167	S	32.09	k141_5	LVE00167-8486
LVE00167_cl0_it2	LVE00167	S	32.09	k141_5	LVE00167-6870
LVE00167_cl0_it2	LVE00167	S	32.09	k141_5	LVE00167-7678
LVE00167_cl0_it2	LVE00167	S	32.09	k141_5	LVE00167-7072
LVE00167_cl0_it2	LVE00167	S	32.09	k141_5	LVE00167-6466
LVE00167_cl1_it2	LVE00167	S	32.09	k141_5	LVE00167-8284
LVE00167_cl1_it2	LVE00167	S	32.09	k141_5	LVE00167-98100
LVE00167_cl1_it2	LVE00167	S	32.09	k141_5	LVE00167-8688
LVE00167_cl1_it2	LVE00167	S	32.09	k141_5	LVE00167-7880
LVE00167_cl0_it2	LVE00167	S	32.09	MK117982.1	LVE00167-9496
LVE00167_cl0_it2	LVE00167	S	32.07	MH887842.1	LVE00167-9698
LVE00167_cl1_it2	LVE00167	S	32.18	acc-NEIGHBOR-KM822041.1-Lassa	LVE00167-RVDB
LVE00167_cl0_it2	LVE00167	S	31.99	MK118022.1	LVE00167-9092
LVE00167_cl0_it2	LVE00167	S	31.99	KM822099.1	LVE00167-9294
LVE00167_cl0_it2	LVE00167	L		OR147788.1	LVE00167-8688
LVE00167_cl0_it2	LVE00167	L		acc-NEIGHBOR-KM821926.1-Lassa	LVE00167-RVDB
LVE00167_cl0_it2	LVE00167	L		LVE00167	LVE00167-98100
LVE00167_cl0_it2	LVE00167	L		MK117940.1	LVE00167-8284
LVE00167_cl0_it2	LVE00167	L		MK117945.1	LVE00167-8486
LVE00167_cl0_it2	LVE00167	L		MH053570.1	LVE00167-8082
LVE00167_cl0_it2	LVE00167	L		MH053534.1	LVE00167-7880
LVE00045_cl0_it2	LVE00045	L		MH887935.1	LVE00045-8688
LVE00045_cl0_it2	LVE00045	L		GU481077.1	LVE00045-8284
LVE00045_cl0_it2	LVE00045	L		KM822075.1	LVE00045-8486
LVE00045_cl0_it2	LVE00045	L		acc-NEIGHBOR-KM822040.1-Lassa	LVE00045-RVDB
LVE00045_cl0_it2	LVE00045	L		KM822096.1	LVE00045-8082
LVE00045_cl0_it2	LVE00045	L		LVE00045	LVE00045-98100
LVE00045_cl0_it2	LVE00045	L		MH053570.1	LVE00045-7880
LVE00045_cl0_it2	LVE00045	L		MH053566.1	LVE00045-7678
LVE00045_cl0_it2	LVE00045	L		MK117836.1	LVE00045-7476
LVE00063_cl0_it2	LVE00063	L		MK117931.1	LVE00063-6466
LVE00063_cl0_it2	LVE00063	L		acc-GENBANK-MK107847.1-Mammarenavirus	LVE00063-RVDB
LVE00050_cl0_it2	LVE00050	L		MH887935.1	LVE00050-6870
LVE00050_cl0_it2	LVE00050	L		MK107860.1	LVE00050-8284
LVE00050_cl0_it2	LVE00050	L		KM822075.1	LVE00050-6668
LVE00050_cl0_it2	LVE00050	L		GU481077.1	LVE00050-6466
LVE00050_cl0_it2	LVE00050	L		MK107842.1	LVE00050-8486
LVE00050_cl0_it2	LVE00050	L		acc-NEIGHBOR-KM822040.1-Lassa	LVE00050-RVDB
LVE00045_cl1_it2	LVE00045	S	32.17	acc-NEIGHBOR-KM821971.1-Lassa	LVE00045-RVDB
LVE00045_cl0_it2	LVE00045	S	32.02	MH053514.1	LVE00045-9092
LVE00045_cl1_it2	LVE00045	S	32.0	MH887861.1	LVE00045-98100
LVE00045_cl0_it2	LVE00045	S	31.97	MK118024.1	LVE00045-9294
LVE00045_cl0_it2	LVE00045	S	31.89	KM822084.1	LVE00045-9496
LVE00045_cl0_it2	LVE00045	S	31.74	KM822076.1	LVE00045-9698
LVE00050_cl0_it2	LVE00050	L		LVE00045	LVE00050-7072
LVE00050_cl0_it2	LVE00050	S	32.22	MK117963.1	LVE00050-9092
LVE00050_cl0_it2	LVE00050	S	32.23	KM821971.1	LVE00050-9294
LVE00050_cl1_it2	LVE00050	S	32.06	MH887861.1	LVE00050-8486
LVE00050_cl1_it2	LVE00050	S	32.28	acc-NEIGHBOR-KM821953.1-Lassa	LVE00050-RVDB
LVE00050_cl0_it2	LVE00050	S	31.89	KM822067.1	LVE00050-7880
LVE00050_cl1_it2	LVE00050	S	31.81	KM822076.1	LVE00050-8284
LVE00050_cl0_it2	LVE00050	S	31.8	KM822089.1	LVE00050-8082
LVE00045_cl0_it2	LVE00045	S	17.89	k141_1	LVE00045-6466
LVE00045_cl0_it2	LVE00045	S	17.89	k141_1	LVE00045-6870
LVE00045_cl2_it2	LVE00045	S	17.89	k141_1	LVE00045-7678
LVE00045_cl1_it2	LVE00045	S	17.89	k141_1	LVE00045-7476
LVE00045_cl1_it2	LVE00045	S	17.89	k141_1	LVE00045-7880
LVE00045_cl2_it2	LVE00045	S	17.89	k141_1	LVE00045-8082
LVE00045_cl0_it2	LVE00045	S	17.89	k141_1	LVE00045-6668
LVE00045_cl1_it2	LVE00045	S	17.89	k141_1	LVE00045-8486
LVE00045_cl1_it2	LVE00045	S	17.89	k141_1	LVE00045-8284
LVE00045_cl0_it2	LVE00045	S	17.89	k141_1	LVE00045-7274
LVE00045_cl1_it2	LVE00045	S	17.89	k141_1	LVE00045-8688
LVE00167_cl1_it2	LVE00167	L		k141_4	LVE00167-9496
LVE00167_cl1_it2	LVE00167	L		k141_4	LVE00167-6668
LVE00167_cl1_it2	LVE00167	L		k141_4	LVE00167-9092
LVE00167_cl1_it2	LVE00167	L		k141_4	LVE00167-9294
LVE00167_cl1_it2	LVE00167	L		k141_4	LVE00167-9698
LVE00167_cl1_it2	LVE00167	L		k141_4	LVE00167-7476
LVE00167_cl1_it2	LVE00167	L		k141_4	LVE00167-6870
LVE00167_cl2_it2	LVE00167	L		k141_4	LVE00167-7678
LVE00167_cl1_it2	LVE00167	L		k141_4	LVE00167-7072
LVE00167_cl1_it2	LVE00167	L		k141_4	LVE00167-6466
LVE00045_cl4_it2	LVE00045	L		k141_8	LVE00045-6466
LVE00045_cl4_it2	LVE00045	L		k141_8	LVE00045-6870
LVE00045_cl4_it2	LVE00045	L		k141_8	LVE00045-9092
LVE00045_cl4_it2	LVE00045	L		k141_8	LVE00045-9496
LVE00045_cl4_it2	LVE00045	L		k141_8	LVE00045-6668
LVE00045_cl4_it2	LVE00045	L		k141_8	LVE00045-9294
LVE00045_cl4_it2	LVE00045	L		k141_8	LVE00045-7274
LVE00045_cl4_it2	LVE00045	L		k141_8	LVE00045-9698
LVE00050_cl1_it2	LVE00050	S	18.15	k141_7	LVE00050-6466
LVE00050_cl1_it2	LVE00050	S	18.15	k141_7	LVE00050-7072
LVE00050_cl0_it2	LVE00050	S	18.15	k141_7	LVE00050-7274
LVE00050_cl2_it2	LVE00050	S	18.15	k141_7	LVE00050-6870
LVE00050_cl0_it2	LVE00050	S	18.15	k141_7	LVE00050-7476
LVE00050_cl0_it2	LVE00050	S	18.15	k141_7	LVE00050-7678
LVE00050_cl1_it2	LVE00050	S	18.15	k141_7	LVE00050-6668
LVE00050_cl1_it2	LVE00050	L		k141_6	LVE00050-7880
LVE00050_cl1_it2	LVE00050	L		k141_6	LVE00050-8082
LVE00050_cl1_it2	LVE00050	L		k141_6	LVE00050-7274
LVE00050_cl1_it2	LVE00050	L		k141_6	LVE00050-9092
LVE00050_cl1_it2	LVE00050	L		k141_6	LVE00050-9294
LVE00050_cl1_it2	LVE00050	L		k141_6	LVE00050-7476
LVE00050_cl1_it2	LVE00050	L		k141_6	LVE00050-7678
LVE00063_cl1_it2	LVE00063	L		NODE_3_length_1363_cov_12.449838	LVE00063-7274
LVE00063_cl2_it2	LVE00063	L		NODE_3_length_1363_cov_12.449838	LVE00063-8284
LVE00063_cl1_it2	LVE00063	L		NODE_3_length_1363_cov_12.449838	LVE00063-9698
LVE00063_cl1_it2	LVE00063	L		NODE_3_length_1363_cov_12.449838	LVE00063-98100
LVE00063_cl1_it2	LVE00063	L		NODE_3_length_1363_cov_12.449838	LVE00063-9092
LVE00063_cl2_it2	LVE00063	L		NODE_3_length_1363_cov_12.449838	LVE00063-7072
LVE00063_cl1_it2	LVE00063	L		NODE_3_length_1363_cov_12.449838	LVE00063-6668
LVE00063_cl1_it2	LVE00063	L		NODE_3_length_1363_cov_12.449838	LVE00063-9496
LVE00063_cl2_it2	LVE00063	L		NODE_3_length_1363_cov_12.449838	LVE00063-7678
LVE00063_cl2_it2	LVE00063	L		NODE_3_length_1363_cov_12.449838	LVE00063-7476
LVE00063_cl1_it2	LVE00063	L		NODE_3_length_1363_cov_12.449838	LVE00063-7880
LVE00063_cl1_it2	LVE00063	L		NODE_3_length_1363_cov_12.449838	LVE00063-6870
LVE00063_cl1_it2	LVE00063	L		NODE_3_length_1363_cov_12.449838	LVE00063-9294
LVE00063_cl2_it2	LVE00063	L		NODE_3_length_1363_cov_12.449838	LVE00063-8890
LVE00063_cl2_it2	LVE00063	L		NODE_3_length_1363_cov_12.449838	LVE00063-8688
LVE00063_cl2_it2	LVE00063	L		NODE_3_length_1363_cov_12.449838	LVE00063-8486
